1;pr;713002280434450432;cs;Thu Mar 24 14:59:25 CET 2016;New post: "iPad Pro je uÅ¾ moÅ¾nÃ© v nÄ›kterÃ½ch zemÃ­ch pÅ™edobjednat â€“ v ÄŒR stÃ¡le Å¾Ã¡dnÃ¡ zmÃ­nka" 
0;-;713002312826945537;cs;Thu Mar 24 14:59:32 CET 2016;"NejpromyÅ¡lenÄ›jÅ¡Ã­ plÃ¡ny majÃ­ nejvÄ›tÅ¡Ã­ tendenci selhat. VÄ›tÅ¡inou se do nich pÅ™imÃ­chÃ¡ nÄ›jakÃ½ nesmyslnÃ½ detail, s... 
1;kr;713002317608566785;cs;Thu Mar 24 14:59:34 CET 2016;UprchlÃ­ci jsou s nervy u konce, v Idomeni hrozÃ­ velkÃ© nepokoje +VIDEO 
1;po;713002433937543168;cs;Thu Mar 24 15:00:01 CET 2016;ZahraniÄnÃ­ tisk: Polsko v reakci na Ãºtoky v #Brussels uzavÅ™elo #hranice rozsudek nad Radovanem #Karadzic em  
1;ku;713001823989342209;cs;Thu Mar 24 14:57:36 CET 2016;Deadpool, Star Wars, House of Cards, Daredevil. Velikonoce se zdÃ¡ ponesou v duchu kvalitnÃ­ filmaÅ™iny a dohÃ¡nÄ›nÃ­ pÅ™edeÅ¡lejch restÅ¯.
0;-;713002303750598656;cs;Thu Mar 24 14:59:30 CET 2016;- VÄ›Å™Ã­Å¡ v Boha?  - VÄ›Å™Ã­m v lidi.
0;-;713002236100624385;cs;Thu Mar 24 14:59:14 CET 2016;PrÃ¡vÄ› hraji Biathlon Maniu. PÅ™idej se i ty a zkus mÄ› porazit! 
1;po;713002364005912577;cs;Thu Mar 24 14:59:45 CET 2016;Opravdu jsem zvÄ›dav na nÃ¡vÅ¡tÄ›vu ÄÃ­nskÃ©ho prezidenta. MinimÃ¡lnÄ› si zavzpomÃ­nÃ¡m na dÄ›tstvÃ­...
0;-;713001955350675458;cs;Thu Mar 24 14:58:07 CET 2016;RT @SevcikPetr: OpakovÃ¡nÃ­: BabiÅ¡ je symptom. PÅ™Ã­Äinou je systÃ©m umoÅ¾ÅˆujÃ­cÃ­ zbohatnutÃ­ pÅ™isÃ¡tÃ­m na veÅ™ejnÃ© rozpoÄty. Bez zmÄ›ny systÃ©mu pÅ™ijdâ€¦
0;-;713002039350075393;cs;Thu Mar 24 14:58:27 CET 2016;jÃ¡: "mÅ¯Å¾u jÃ­t ven?" taÅ¥ka: "mÅ¯Å¾eÅ¡ jÃ­t ven, aÅ¾ to tu uklidÃ­Å¡" jÃ¡: "uÅ¾ mÅ¯Å¾u?" taÅ¥ka: "ne, jsi nemocnÃ¡, urÄitÄ› jeÅ¡tÄ› kaÅ¡leÅ¡"
0;-;713002124225953792;cs;Thu Mar 24 14:58:48 CET 2016;Arnold v novÃ©m yorku 1968  To je vykukğŸ˜‚ 
0;-;713002157281251328;cs;Thu Mar 24 14:58:55 CET 2016;RT @etabery: Cimrman: Na Äem pracujete, doktore ÄŒechove? ÄŒechov: PÃ­Å¡i â€DvÄ› sestryâ€œ. Cimrman: A nenÃ­ to mÃ¡lo, Antone PavloviÄi?
1;pr;713001983268007936;cs;Thu Mar 24 14:58:14 CET 2016;RT @tomashala: HSTS pomÃ¡hÃ¡ opustit neÅ¡ifrovanÃ½ HTTP protokol. A vÃ­te, Å¾e obdobnÄ› se nynÃ­ chystÃ¡ SMTP Strict Transport Security: 
0;-;713002221936492545;cs;Thu Mar 24 14:59:11 CET 2016;VÃ­ce neÅ¾ 60 let po romÃ¡nu Most pÅ™es Å™eku Kwai se ke stejnÃ©mu tÃ©matu vracÃ­ Richard Flanagan. #recenze 
1;ji;713002474211246080;cs;Thu Mar 24 15:00:11 CET 2016;MilÃ© setkÃ¡nÃ­ s ÄeskÃ½mi studenty v PaÅ™Ã­Å¾i, je hezkÃ© vidÄ›t energii a ochotu poznÃ¡vat svÄ›t... 
0;-;713002489520517120;cs;Thu Mar 24 15:00:15 CET 2016;ÃšplnÄ› ten nÃ¡hrobek vidÃ­m: ZDE SE NA VÄšKY UÅ½ÃRÃ ÄŒLOVÄšK, KTERÃ ZÂ CELÃ‰HO SRDCE ZÃVIDÄšL VÃCLAVU HAVLOVI. 
0;-;713002565764513792;cs;Thu Mar 24 15:00:33 CET 2016;RT @Sabcaa_: ÄŒÃ­m vÃ­c sledujÃ­cÃ­ch (kdekoliv), tÃ­m vÃ­c nenÃ¡visti vÅ¯Äi tÃ© osobÄ›. ProtoÅ¾e se totiÅ¾ najednou dÄ›snÄ› zmÄ›nila.
1;kr;713002571741302784;cs;Thu Mar 24 15:00:34 CET 2016;Na letiÅ¡ti zÅ™ejmÄ› zahynul pyrotechnik teroristÅ¯ Laachraoui 
0;-;713002629882884096;cs;Thu Mar 24 15:00:48 CET 2016;@Jurrasek neboj nic,tÄ›ch pÃ¡r hodinek uÅ¾ nÄ›kde v klidu v koutÄ› vydrÅ¾Ã­m ğŸ˜‚ğŸ˜‚
0;-;713002664108363776;cs;Thu Mar 24 15:00:56 CET 2016;Jak pÅ™edejÃ­t dalÅ¡Ã­m ÃºtokÅ¯m? VÃ½znamnÃ½ analytik mÃ¡ pro Evropu jasnÃ½ vzkaz 
0;-;713002674371698688;cs;Thu Mar 24 15:00:59 CET 2016;ZapoÄÃ­tÃ¡vÃ¡ se prÃ¡ce, kterou bych vykonÃ¡vala na poloviÄnÃ­ Ãºvazek?: OtÃ¡zka: DobrÃ½ den, prosÃ­m VÃ¡s jeÅ¡tÄ› nejsem v... 
0;-;713002753832919040;cs;Thu Mar 24 15:01:18 CET 2016;...kdo mÅ¯Å¾e Å™Ã­ct, Å¾e si to pamatuje....? #cruyff 
1;po;713002766570926080;cs;Thu Mar 24 15:01:21 CET 2016;BelgiÄtÃ­ ministÅ™i nabÃ­dli rezignace, Khalid mÄ›l prÃ½ komplice: Brusel /SLEDUJEME TÅ˜ETÃ DEN PO ÃšTOCÃCH ON-LINE/ - SebevraÅ¾ednÃ½â€¦ #ZprÃ¡vy
1;po;713002769183944705;cs;Thu Mar 24 15:01:21 CET 2016;ÄŒernochovÃ¡ (ODS): OdmÃ­tÃ¡m bezprecedentnÃ­ zÃ¡sah do soukromÃ­: VÃ½bor pro bezpeÄnost dnes dokonÄil projednÃ¡vÃ¡nÃ­ vlÃ¡dnÃ­ novely zÃ¡kona o zbranÃ­ch.
1;po;713002771520204800;cs;Thu Mar 24 15:01:22 CET 2016;MladÃ½ StropnickÃ½ Å¡lÃ¡pl do... PraviÄÃ¡k dokonce Å¾ertuje o spermiÃ­ch jeho otce: PÅ™edseda Strany zelenÃ½ch MatÄ›j StropnickÃ½ dnes na svÃ©mâ€¦
0;-;713002773856411651;cs;Thu Mar 24 15:01:22 CET 2016;Nissan GTâ€“R 2017: toto je poslednÃ­ facelift R35, pÅ™idal dalÅ¡Ã­ konÄ›: (+ video) Pokud se stÃ¡le nemÅ¯Å¾ete rozhodnout, jestli chcete Nissanâ€¦
0;-;713002774536003585;cs;Thu Mar 24 15:01:23 CET 2016;Just posted a photo @ Å½elezniÄnÃ­ nÃ¡draÅ¾Ã­ BohumÃ­n 
0;-;713002781255270400;cs;Thu Mar 24 15:01:24 CET 2016;:) trochu jaro @ LibeÅˆskÃ½ Most 
0;-;713002867939024897;cs;Thu Mar 24 15:01:45 CET 2016;LÃ­bÃ­ se mi video @YouTube SRAM Eagle 1x
0;-;713002924763389952;cs;Thu Mar 24 15:01:58 CET 2016;MÅ¯j obdiv  
0;-;713002973052473344;cs;Thu Mar 24 15:02:10 CET 2016;3. PÅ™estÃ¡vka: BanÃ¡n + 69% baterie... Co tÃ­m chce osud Å™Ã­ci? #najdisichlapa
1;pr;713003079927508993;cs;Thu Mar 24 15:02:35 CET 2016;RT @JPetrlik: Na Olomoucku prÃ½ uvaÅ¾ujÃ­ o plazmovÃ© spalovnÄ› odpadÅ¯. Pak asi neÄetli o plazmovÃ½ch spalovnÃ¡ch 
1;ku;713003088546816000;cs;Thu Mar 24 15:02:37 CET 2016;RT @Praha_5: V praÅ¾skÃ© Meetfactory probÄ›hne 9. dubna jarnÃ­ edice Mighty Sounds. MÅ¯Å¾ete se tÄ›Å¡it na ska-punkovÃ© matadory Talco,... 
0;-;713002505836347392;cs;Thu Mar 24 15:00:18 CET 2016;â€œUmÃ­ online prodejci rozvÃ©zt nÃ¡kup i v noci?â€ by Atoto.cz 
1;ji;713002692860329984;cs;Thu Mar 24 15:01:03 CET 2016;RT @SlavekSobotka: MilÃ© setkÃ¡nÃ­ s ÄeskÃ½mi studenty v PaÅ™Ã­Å¾i, je hezkÃ© vidÄ›t energii a ochotu poznÃ¡vat svÄ›t... 
1;pr;713002724720263168;cs;Thu Mar 24 15:01:11 CET 2016;RT @RomanProrok: OKD propusti k 1. 7. 2016 345 lidi ze vsech zavodu. 
0;-;713003013087035393;cs;Thu Mar 24 15:02:19 CET 2016;Tento tÃ½den znovu ukÃ¡zal, proÄ mÃ¡ tato demonstrace smysl! 
0;-;713003083089969153;cs;Thu Mar 24 15:02:36 CET 2016;Kdo by pÅ™ed pÃ¡r lety Å™ekl, Å¾e @idnes bude pÅ™ebÃ­rat celÃ© ÄlÃ¡nky z @hlidacipes_org. A kdo by to Å™ekl pÅ™ed pÃ¡r dny...
0;-;713002506247389184;cs;Thu Mar 24 15:00:19 CET 2016;RT @padevetjiri: Copak ta vlajkoslÃ¡va, ale hradnÃ­ kuchynÄ› uÅ¾ vykupuje psy.
0;-;713002487263936512;cs;Thu Mar 24 15:00:14 CET 2016;sedÃ­m v mekaÄi a vedle mÄ› je kartÃ¡Å™ka a jde z nÃ­ fakt strach
1;pr;713002553794039809;cs;Thu Mar 24 15:00:30 CET 2016;MÄ›novÄ›politickÃ©ho zasedÃ¡nÃ­ bankovnÃ­ rady #CNB_cz dne 31. bÅ™ezna 2016 se zÃºÄastnÃ­ vÅ¡ech sedm jejÃ­ch ÄlenÅ¯. #bankovni_rada
0;-;713002719338889216;cs;Thu Mar 24 15:01:09 CET 2016;StÃ¡te, boÅ¾e nÃ¡Å¡. Kult vÅ¡emocnÃ©ho stÃ¡tu neokÃ¡zale, leÄ vytrvale funguje (by @KohoutPavel )
0;-;713003020720713730;cs;Thu Mar 24 15:02:21 CET 2016;UÅ¾ Standa Gross ukÃ¡zal, Å¾e dÅ¯slednÃ© "no comment" je lepÅ¡Ã­ neÅ¾ postupnÃ© mlÅ¾enÃ­. BabiÅ¡ ani ve snÄ›movnÄ› neÅ™Ã­kal pravdu 
0;-;713003114278862848;cs;Thu Mar 24 15:02:44 CET 2016;Just posted a photo @ Å½elezniÄnÃ­ nÃ¡draÅ¾Ã­ BohumÃ­n 
0;-;713003172336386049;cs;Thu Mar 24 15:02:57 CET 2016;@pavelkout ZÃ¡roveÅˆ to vysvÄ›tlil: â€My jsme vÅ¾dycky hloupÄ›jÅ¡Ã­ neÅ¾ zbytek svÄ›ta a navzÃ¡jem nenÃ¡vistnÄ›jÅ¡Ã­.â€œ
0;-;713003194637500417;cs;Thu Mar 24 15:03:03 CET 2016;RT @MHornof: NenÃ¡vidÃ­m toho psa na snapu Ze zaÄÃ¡tku to bylo cute Pak to bylo otravnÃ½  TeÄ je to nesnesitelnÃ½ ProsÃ­m DOST Dejte ten efekt prâ€¦
0;-;713003216443719680;cs;Thu Mar 24 15:03:08 CET 2016;@zdenekkreml pÅ™esnÄ›,nÄ›kam se zaÅ¡ij,aÅ¥ ze sebe ukÃ¡Å¾eÅ¡ sprÃ¡vnÃ©ho ÄeskÃ©ho ÄlovÄ›ka a nedÄ›lÃ¡Å¡ nÃ¡m v dojÄu hambu. ğŸ˜‚ğŸ˜‚ğŸ˜‚
0;-;713003264648855553;cs;Thu Mar 24 15:03:19 CET 2016;RT @SkandinavskyDum: HledÃ¡me brigÃ¡dnÃ­ky na severskÃ½ stÃ¡nek SvÄ›ta knihy. #praha #brigada 
0;-;713003341303951361;cs;Thu Mar 24 15:03:38 CET 2016;@Nasrany_reditel NejspÃ­Å¡ si uÅ¾ vÅ¡iml tÃ© vÃ½zdoby na EvropskÃ©â€¦
0;-;713003398719737856;cs;Thu Mar 24 15:03:51 CET 2016;JÃ¡ nelÅ¾u,nekradu,nejdu nikomu na ruku JÃ¡ nelÅ¾u,nekradu,nejdu nikomu na ruku JÃ¡ nelÅ¾u,nekradu,nejdu nikomu na ruku A nikdo mÄ› nemÅ¯Å¾e uplatit.
1;pr;713003417682255872;cs;Thu Mar 24 15:03:56 CET 2016;RT @JiriKozelouh: Po 115 letech pÅ™estane Skotsko vyrÃ¡bÄ›t elektÅ™inu z uhlÃ­. Za 90 min. odstavÃ­ poslednÃ­ uhelku - je 3. nejvÄ›tÅ¡Ã­ v EU. https:â€¦
0;-;713003467028217856;cs;Thu Mar 24 15:04:08 CET 2016;No pÄ›knÄ›...aby jeÅ¡tÄ› KaradÅ¾iÄ nejel domÅ¯ jako "nÃ¡rodnÃ­ hrdina".  
1;sp;713003475823632386;cs;Thu Mar 24 15:04:10 CET 2016;DÃ­ky postupu do semifinÃ¡le #TELH se Å kodovka podÃ­vÃ¡ v pÅ™Ã­Å¡tÃ­ sezÃ³nÄ› i do @championshockey ğŸ‘ğŸ‘ #CHL 
0;-;713003479648878592;cs;Thu Mar 24 15:04:11 CET 2016;@IlonaJaniov Ty jsi byla u nÃ¡s? ğŸ‘€â˜º
0;-;713003498628112385;cs;Thu Mar 24 15:04:15 CET 2016;RT @BohumilKartous: Petr  Uhl: Ãšsvit, nebo soumrak Bloku proti islÃ¡mu? | via @DReferendum 
0;-;713003561928433665;cs;Thu Mar 24 15:04:30 CET 2016;ZÂ BabiÅ¡e je superstar! TÃ­mhle remixem projevu oÂ ÄŒapÃ­m hnÃ­zdÄ› se od rÃ¡na bavÃ­ celÃ© ÄŒesko! | OneTV.cz #babiÅ¡
1;pr;713003564629495808;cs;Thu Mar 24 15:04:31 CET 2016;Jak vyzrÃ¡t na hybridnÃ­ slot? StaÄÃ­ vÃ¡m lepicÃ­ pÃ¡ska, nÅ¯Å¾ a trocha kurÃ¡Å¾e: Samsungy Å™ady Galaxy S7 se na ÄeskÃ©m trhu prodÃ¡vajÃ­ pouze veâ€¦
1;sp;713003569113407488;cs;Thu Mar 24 15:04:32 CET 2016;RT @LazaMatej: Gratulace do VsetÃ­na. Porazit @hokej_FM to nenÃ­ jen tak, naÅ¡tÄ›stÃ­ si to @VHK_Vsetin schovali na tu nejlepÅ¡Ã­ chvÃ­li. DokonÃ¡teâ€¦
1;pr;713003580630761472;cs;Thu Mar 24 15:04:35 CET 2016;MÃ¡me indicie o tunelovÃ¡nÃ­ firmy, tvrdÃ­ hornÃ­ci z OKD: Miliardu korun mÄ›la dÅ¯lnÃ­ firma OKD zbyteÄnÄ› tratit kvÅ¯liâ€¦ #Ekonomika_Podniky
1;ji;713003590281928704;cs;Thu Mar 24 15:04:37 CET 2016;Na dÃ¡lnici D1 bouralo osm aut, pro zranÄ›nÃ©ho letÄ›l vrtulnÃ­k: Osm aut havarovalo ve Ätvrtek odpoledne na 130,5. kilometru dÃ¡lnice D1 veâ€¦
1;pr;713003594673299456;cs;Thu Mar 24 15:04:38 CET 2016;ReÃ¡lnÃ© mzdy NÄ›mcÅ¯m rostou nejrychleji za sedm let: ReÃ¡lnÃ© mzdy v NÄ›mecku se v loÅˆskÃ©m roce zvÃ½Å¡ily o 2,4 procenta a zaznamenalyâ€¦
1;ji;713003598771138560;cs;Thu Mar 24 15:04:39 CET 2016;VajÃ­Äka jako vyvÃ¡Å¾enÃ½ koktejl bÃ­lkovin, vitamÃ­nÅ¯ a minerÃ¡lÅ¯: Vejce jsou jednou z nejdÅ¯leÅ¾itÄ›jÅ¡Ã­ch potravin. KromÄ› nepostradatelnÃ½châ€¦
1;ji;713003609869254656;cs;Thu Mar 24 15:04:42 CET 2016;ChebÅ¡tÃ­ gymnazistÃ© do detailÅ¯ zkoumali potok, vyhrÃ¡li soutÄ›Å¾ Voda Å¾ivÃ¡: KdyÅ¾ se Å™ekne BÅ™ehnickÃ½ potok, Å™ada lidÃ­â€¦ #Karlovy_Vary_Vary_zprÃ¡vy
1;kr;713003615435120640;cs;Thu Mar 24 15:04:43 CET 2016;PrvnÃ­m praÅ¾skÃ½m â€gentlemanemâ€œ silnic je Å¾ena. Po nehodÄ› pomÃ¡hala zranÄ›nÃ½m: Å edesÃ¡tiletÃ¡ Å¾ena v polovinÄ› Ãºnora pomohlaâ€¦ #Praha_Praha_zprÃ¡vy
0;-;713003619713490945;cs;Thu Mar 24 15:04:44 CET 2016;LÃ­bÃ­ se mi video @YouTube Materials and Process: Plaster Casting
1;ku;713003631419793408;cs;Thu Mar 24 15:04:47 CET 2016;RT @ZkrA2tka: SlovÃ¡ci chystajÃ­ film inspirovanÃ½ Å¾ivotem DubÄeka. ReÅ¾Ã­rovat ho bude Andrej KonÄalovskij 
1;sp;713003633936351232;cs;Thu Mar 24 15:04:47 CET 2016;RT @orjacko: UÅ¾ jsem mladÅ¡Ã­ generace a nerozumÃ­m rivalitÄ› mezi @hokejZlin a @VHK_Vsetin . Proto drÅ¾Ã­m VsetÃ­nu palce ve finÃ¡le a vÄ›Å™Ã­m, Å¾e tâ€¦
1;sp;713003668065370113;cs;Thu Mar 24 15:04:56 CET 2016;RT @DavidPletanek: ParÃ¡da! @VHK_Vsetin vyhrÃ¡l na pÅ¯dÄ› @hokej_FM 3:1 a ve Ätvrtek mÅ¯Å¾e na domÃ¡cÃ­m ledÄ› ukonÄit finÃ¡lovou sÃ©rii!
0;-;713003679771701248;cs;Thu Mar 24 15:04:58 CET 2016;RT @ACSparta_CZ: MARCA: LÃ¡Äa KrejÄÃ­ mezi nejvÄ›tÅ¡Ã­mi vychÃ¡zejÃ­cÃ­mi hvÄ›zdami nadchÃ¡zejÃ­cÃ­ho Eura -> 
1;ku;713003707730767873;cs;Thu Mar 24 15:05:05 CET 2016;PRVNÃ DOJMY: Batman v Superman, celÃ© znovu, dvojmo a pst, ani muk: V Ãºvodu filmovÃ©ho komiksu Batman v Superman: Ãšsvitâ€¦ #Kultura_Film_TV
0;-;713003739959975936;cs;Thu Mar 24 15:05:13 CET 2016;Dnes jsem byl ve firmÄ›, kterÃ¡ nezÃ¡lohuje. LÃ©pe Å™eÄeno, minimÃ¡lnÄ›. StÅ™elci. ChvÃ­lemi jsem nedokÃ¡zal zavÅ™Ã­t hubu ÃºÅ¾asem.
1;sp;713003753520107520;cs;Thu Mar 24 15:05:16 CET 2016;RT @zeli24: PoslednÃ­ch 1500 vstupenek na finÃ¡le @VHK_Vsetin - @hokej_FM! VyprodÃ¡me #LapaÄ? #svatekhokeje #spolecnezavsetin #okvhk #hokej #vâ€¦
0;-;713003384329150464;cs;Thu Mar 24 15:03:48 CET 2016;NevÄ›Å™im videÃ­m "co je v mÃ© kabelce" Kde mÃ¡te drobky, nesmyslnÃ½ ÃºÄtenky, obaly od Å¾vejkaÄek, suÅ¡enek, posmrkanÃ½ kapesnÃ­ky, drobnÃ½ a tak dÃ¡le?
1;kr;713003419271880704;cs;Thu Mar 24 15:03:56 CET 2016;Tahle kauza je zlÃ½ sen. NeÄesanÃ½ je podezÅ™elÃ½ z vraÅ¾dy kadeÅ™nice a nynÃ­ ho prÃ¡sknul jeho spoluvÄ›zeÅˆ Funda. Co... 
0;-;713003492856569856;cs;Thu Mar 24 15:04:14 CET 2016;KrÃ¡snÃ© a pohodovÃ© svÃ¡tky velikonoÄnÃ­ pÅ™ejeme od nÃ¡s z ÃºdolÃ­!!! 
0;-;713003511143927809;cs;Thu Mar 24 15:04:18 CET 2016;RT @pavla_horakova: Ve skuteÄnosti BÅ¯h pÅ™estal vÄ›Å™it v ÄŒechy. 
0;-;713003555641245697;cs;Thu Mar 24 15:04:29 CET 2016;"ÄŒÅ¯rÃ¡me na vaÅ¡e bomby." To musÃ­ bÃ½t heslo dneÅ¡ka.
0;-;713003648436060160;cs;Thu Mar 24 15:04:51 CET 2016;Do @martinus_cz hledÃ¡me Executive Hero! #chcemetebe! #chcijob
0;-;713003748944175106;cs;Thu Mar 24 15:05:15 CET 2016;Manipuluje s tebou Å¡Ã©f, kolega? ChceÅ¡ to zmÄ›nit? Zkus navÅ¡tÃ­vit nÃ¡Å¡ kurz a zmÄ›nit to. 
1;pc;713003157761212416;cs;Thu Mar 24 15:02:54 CET 2016;dnes, za tak pÄ›knÃ©ho poÄasÃ­ nikam nemÅ¯Å¾u ale zÃ­tra, nebo o vÃ­kendu, aÅ¾ nÄ›kam pÅ¯jdu bude urÄitÄ› prÅ¡et, protoÅ¾e to tak prostÄ› je
1;ji;713003502637809665;cs;Thu Mar 24 15:04:16 CET 2016;KaÅ¾dÃ¡ Å¾ena je v srdci hrÃ¡Äka, vÄetnÄ› tvojÃ­ matky. PoÄÃ­taÄovÃ© hry jsou vnÃ­mÃ¡ny jako muÅ¾skÃ© pole. 
0;-;713003627326124032;cs;Thu Mar 24 15:04:46 CET 2016;PomÃ¡hÃ¡m ostatnÃ­m Å™idiÄÅ¯m:  stojÃ­cÃ­ kolona na 7 pomocÃ­ @waze - JezdÄ›te solidÃ¡rnÄ›. 
0;-;713003621525417984;cs;Thu Mar 24 15:04:44 CET 2016;Cesty za zÃ¡Å¾itkem do USA a Kanady  - 
0;-;713003222223466497;cs;Thu Mar 24 15:03:09 CET 2016;O pozicÃ­ch mluvÃ­ ÄlovÄ›k, co se chtel paktovat s komanÄema, aby byl u moci 
1;po;713003299335761921;cs;Thu Mar 24 15:03:28 CET 2016;29. 3. od 16 diskuse â€#TTIP a ÄeskÃ© zemÄ›dÄ›lstvÃ­ a potraviny â€“ pÅ™Ã­leÅ¾itost nebo Å¡patnÃ½ vtip?â€œ na @CZUvPraze 
1;pr;713003416885268480;cs;Thu Mar 24 15:03:56 CET 2016;RT @computer_zive: StreamovÃ¡nÃ­ zaÄalo bÃ½t hlavnÃ­m zdrojem pÅ™Ã­jmÅ¯ americkÃ©ho hudebnÃ­ho prÅ¯myslu 
0;-;713003466038386688;cs;Thu Mar 24 15:04:07 CET 2016;15 vÄ›cÃ­ kterÃ½ znaj vÅ¡ichni prvorozenÃ½: prostÅ™ednictvÃ­m @YouTube
0;-;713003806280253440;cs;Thu Mar 24 15:05:29 CET 2016;KOMENTÃÅ˜: ÄŒurÃ¡nÃ­ na bomby teroristy nezastavÃ­ prostÅ™ednictvÃ­m @iDNEScz
1;po;713003866434977792;cs;Thu Mar 24 15:05:43 CET 2016;RT @PiratePartyCZ: 29. 3. od 16 diskuse â€#TTIP a ÄeskÃ© zemÄ›dÄ›lstvÃ­ a potraviny â€“ pÅ™Ã­leÅ¾itost nebo Å¡patnÃ½ vtip?â€œ na @CZUvPraze 
0;-;713004014481371136;cs;Thu Mar 24 15:06:18 CET 2016;RT @iKoudy: Sranda je, Å¾e se na mÃ©m iPhonu 5s, kterÃ½ je starÃ½ skoro 3 roky, spouÅ¡tÃ­ aplikace rychleji, neÅ¾ na Samsungu Galaxy S6 ğŸ˜„ğŸ˜„
0;-;713004201438224384;cs;Thu Mar 24 15:07:03 CET 2016;Dneska v Microsoftu s @pidibi ukazuje 3 veci: 1,chystam tech startup, 2,MS udelalo velkej krok dopredu. 3,znamy z korporatu se sakra hodi.
1;sp;713004206072938496;cs;Thu Mar 24 15:07:04 CET 2016;Z Portlandu se vrÃ¡tilo 6 atletÅ¯ Dukly, pÅ™ivezli zlato, stÅ™Ã­bro, osobnÃ­ rekord i olympiÃ¡du 
0;-;713004218433585152;cs;Thu Mar 24 15:07:07 CET 2016;LÃ­bÃ­ se mi video @YouTube od autora @nakashinator NejdivnÄ›jÅ¡Ã­ Gify Internetu 5 - Nakashi [CZ]
1;ku;713004198405779456;cs;Thu Mar 24 15:07:02 CET 2016;This Weekend: MÄ›lnÃ­k, Czech Republic - Mar 25 at LiÄÃ¡k 
0;-;713004239564439553;cs;Thu Mar 24 15:07:12 CET 2016;MÃ­sto klÃ­ÄÅ¯ jsem pÅ™ed vchodem vytÃ¡hla penÄ›Å¾enku. NormÃ¡lnÃ­ Ätvrtek.
0;-;713004120307843072;cs;Thu Mar 24 15:06:43 CET 2016;Existuje rÄenÃ­, Å¾e ten, kdo si dneska dÃ¡ zelenÃ½ pokrm jako je zelÃ­, Å¡penÃ¡t nebo hrÃ¡ch, bude mÃ­t celÃ½ nÃ¡sledujÃ­cÃ­... 
0;-;713004114192547841;cs;Thu Mar 24 15:06:42 CET 2016;BabiÅ¡ovy dÄ›ti a ÄŒapÃ­ hnÃ­zdo: Kdo neokrÃ¡dÃ¡ stÃ¡t a dojnou krÃ¡vu EU, okrÃ¡dÃ¡ rodinu prostÅ™ednictvÃ­m @Nazory_Aktualne
1;sp;713003817864970240;cs;Thu Mar 24 15:05:31 CET 2016;Z pÅ™edchozÃ­ch 3 dnÅ¯ postoupil vÅ¾dy jeden semifinalista. VÄ›Å™Ã­m, Å¾e se tato logickÃ¡ posloupnost zastavÃ­ a @MountfieldHK porazÃ­ @bkboleslav
0;-;713003963784765440;cs;Thu Mar 24 15:06:06 CET 2016;RT @Velky_Gadzo: MÃ© dcery majÃ­ rÃ¡dy konÄ›. Tak jsem z nich udÄ›lal ty bÃ­lÃ©. ~A. BabiÅ¡
0;-;713004129782771712;cs;Thu Mar 24 15:06:46 CET 2016;RT @Blesk24: Schwarzenberg o Ãºtoku @AndrejBabis a ÄŒapÃ­m hnÃ­zdu: â€Kecy. Ale Å™eÄ o dÄ›tech mÄ› dojalaâ€œ 
1;sp;713004186028277761;cs;Thu Mar 24 15:06:59 CET 2016;ÄŒeskou dnes ÄekÃ¡ pÅ™Ã¡telskÃ© utkÃ¡nÃ­ se Skotskem a vÃ¡s samozÅ™ejmÄ› ÄekÃ¡ tipovaÄka o 3 x 500 KÄ! StaÄÃ­ sprÃ¡vnÄ›... 
0;-;713004239619010561;cs;Thu Mar 24 15:07:12 CET 2016;Na ZelenÃ½ Ätvrtek vÅ¡ichni v zelenÃ©m... :) ZdravÃ­me tÃ­mto i @ANenadal :) (PJml) 
0;-;713004414102011905;cs;Thu Mar 24 15:07:53 CET 2016;KOMENTÃÅ˜: ÄŒurÃ¡nÃ­ na bomby teroristy nezastavÃ­ ANO, ANO, ANO!!! A nemyslÃ­m toho slintala z ÄŒapÃ­ho hnÃ­zda!
1;sp;713004446687621120;cs;Thu Mar 24 15:08:01 CET 2016;RT @fotbalova_repre: V 68 letech zemÅ™ela fotbalovÃ¡ legenda @KNVB Johan Cruyff. RIP 
0;-;713004581278597120;cs;Thu Mar 24 15:08:33 CET 2016;Nightcrawlers - Push The Feeling On (The Dub of Doom) prostÅ™ednictvÃ­m @YouTube
0;-;713004593140117504;cs;Thu Mar 24 15:08:36 CET 2016;RT @_JakubJanda: KOMENTÃÅ˜: ÄŒurÃ¡nÃ­ na bomby teroristy nezastavÃ­ via @iDNEScz
0;-;713004848824860672;cs;Thu Mar 24 15:09:37 CET 2016;Lavrov a Kerry mluvili o SavÄenkovÃ©.ZacharavovÃ¡ to potvrdila, nic vÃ­c. 
0;-;713004913895346176;cs;Thu Mar 24 15:09:53 CET 2016;Kolegovi pÅ™iletÄ›la sestra z USA. Popsal jÃ­ cestu autem z letiÅ¡tÄ› do Lbc.  UÅ¾ volÃ¡, po 3 h, Å¾e na ceduli je K. Vary. Tak jak jeÅ¡tÄ› daleko.
0;-;713004958795374593;cs;Thu Mar 24 15:10:03 CET 2016;â€šNemohl jsem Å™Ã­ct pravduâ€˜. BabiÅ¡ prÃ½ nic neukradl a vymluvil se na dÄ›ti  - prostÅ™ednictvÃ­m @echo24cz
0;-;713004975891173376;cs;Thu Mar 24 15:10:07 CET 2016;Molenbeek: HnÃ­zdo evropskÃ©ho dÅ¾ihÃ¡du, kde se lÃ­hnou klany radikÃ¡lÅ¯ 
0;-;713004713843826691;cs;Thu Mar 24 15:09:05 CET 2016;LÃ­bÃ­ se mi video @YouTube Driving Around New York City - 1928
0;-;713004834815926272;cs;Thu Mar 24 15:09:34 CET 2016;Ty jo, to je dobrÃ½! Hm, je to ze sÃ³jovÃ½ mouky.  To se od tebe dalo Äekat, Å¾e nÄ›jakou takovou vÄ›c do toho propaÅ¡ujeÅ¡.   DobrÃ½. ZvykajÃ­ si.
1;pr;713004550660231168;cs;Thu Mar 24 15:08:26 CET 2016;PÅ™Ã­prava JE Hinkley Point C stÃ¡la jiÅ¾ pÅ™es 80 mld KÄ, finÃ¡lnÃ­ rozhoduntÃ­ odloÅ¾eno na kvÄ›ten 
0;-;713004837206695936;cs;Thu Mar 24 15:09:34 CET 2016;Miluju kinder mlÃ©ÄnÃ½ Å™ez
0;-;713004791551696897;cs;Thu Mar 24 15:09:23 CET 2016;RT @Wikkynka: BuÄ lidi pÃ­Å¡ou tak, Å¾e nestÃ­hÃ¡m odepisovat a nebo nepÃ­Å¡e nikdo.
0;-;713004943389638657;cs;Thu Mar 24 15:10:00 CET 2016;RT @Wikkynka: ,,a neodvedÄ›la jsi na otÃ¡zku" .. to bude asi tim, Å¾e na nÃ­ odpovÃ­dat nechci.
1;pr;713004619270586369;cs;Thu Mar 24 15:08:42 CET 2016;ZemÅ™el bÃ½valÃ½ Å¡Ã©f Intelu Andy Grove. #Intel #AndyGrove #RIPAndyGrove HospodÃ¡Å™skÃ© noviny 
0;-;713005055075565568;cs;Thu Mar 24 15:10:26 CET 2016;RT @MinKultury: KdyÅ¾ VV znamenÃ¡ taky nÄ›co veselÃ©ho... 
0;-;713004433609789440;cs;Thu Mar 24 15:07:58 CET 2016;NepÅ™ijde mi, Å¾e by to bylo nÄ›jak dÃ¡vno, co jsem si hrÃ¡la s dÄ›dou na pÃ­skoviÅ¡ti, ale asi jo, protoÅ¾e jsem ho dneska vezla svÃ½m autem
0;-;713004518103855106;cs;Thu Mar 24 15:08:18 CET 2016;LÃ­dr ÄeskÃ©ho soupeÅ™e? VyhaslÃ½ talent, kterÃ½ srazil Barcelonu 
1;pr;713005028802428928;cs;Thu Mar 24 15:10:20 CET 2016;Do tÅ™Ã­ mÄ›sÃ­cÅ¯ odejde z #OKD 345 lidÃ­. DalÅ¡Ã­ plÃ¡ny firmy ale vlÃ¡da neznÃ¡ 
0;-;713005067838832641;cs;Thu Mar 24 15:10:29 CET 2016;RT @P_Fiala: Andrej BabiÅ¡ zvolil nejlacinÄ›jÅ¡Ã­ strategii. Nic nevysvÄ›tlil a schoval se za svÃ© dÄ›ti. PremiÃ©r Sobotka musÃ­ jednat.
0;-;713005104006344704;cs;Thu Mar 24 15:10:38 CET 2016;NÃ¡Å¡ fotograf mÄ› tu soustavnÄ› pÅ™edhazuje jako ice breaker ve vÅ¡ech nepÅ™Ã­jemnÃ½ch situacÃ­ch. 
0;-;713005182909562881;cs;Thu Mar 24 15:10:57 CET 2016;"Jak se Å™Ã­kÃ¡ tomu banneru, co je na ulici?"  "MyslÃ­Å¡ billboard?" #deformace @Martpod
0;-;713005357363302400;cs;Thu Mar 24 15:11:38 CET 2016;To-Do list: vypnout budÃ­k na zÃ­tra a pondÄ›lÃ­ rÃ¡no. Android nevÃ­ Å¾e mÃ¡me svÃ¡tky.
0;-;713005428708360192;cs;Thu Mar 24 15:11:55 CET 2016;RT @The_Moneyjak: Å½eny sou jako parkety... KdÃ½Å¾ je po delÅ¡Ã­ dobÄ› poÅ™Ã¡dnÄ› vybrousÃ­Å¡ tak se jen lesknou a zÃ¡Å™Ã­ ğŸ¤”
0;-;713005484995960832;cs;Thu Mar 24 15:12:09 CET 2016;#seo @vlasi Z pÅ™Ã­bÄ›hÅ¯ SEO kÅ™eÄkÅ¯: Onyx 
0;-;713005527819808768;cs;Thu Mar 24 15:12:19 CET 2016;SkvÄ›lÃ©. V pÃ¡tek ve tÅ™i si telefonuji s programÃ¡torem, aby zjistili, kde je chyba v nastavenÃ½ch prÃ¡vech. #realita
0;-;713005568663949312;cs;Thu Mar 24 15:12:29 CET 2016;#Policie evidentnÄ› neprochÃ¡zÃ­ Å¡kolenÃ­m "Jak pÃ³zovat pÅ™i focenÃ­". Bod pro #czecharmy. #Pragueâ€¦ 
0;-;713005654823280641;cs;Thu Mar 24 15:12:49 CET 2016;@david_klimes @kalousekm a pritom staci datova schranka
0;-;713005663316795394;cs;Thu Mar 24 15:12:51 CET 2016;RT @J_Havelkova: NamoÄil svÃ© dÄ›ti do nebezpeÄnÃ½ch machinacÃ­ s dotacemi a nakonec jim tu farmu zase vzal. @Nemcova_Mirka @ODScz 
0;-;713005250400108544;cs;Thu Mar 24 15:11:13 CET 2016;VÃ½hodnÃ¡ poptÃ¡vka, za kterou dÃ¡te pouze krabiÄku cigaret 
0;-;713005659772612609;cs;Thu Mar 24 15:12:50 CET 2016;ZdÄ›dil jsem dluh. Co teÄ?  LidÃ© se bÄ›hem svÃ©ho Å¾ivota snaÅ¾Ã­ nastÅ™Ã¡dat majetek, kterÃ½ by zaopatÅ™il jejich potomky.... 
0;-;713005389080616965;cs;Thu Mar 24 15:11:46 CET 2016;Pro ZlodÄ›jky lÅ¾iÄek mÅ¯Å¾ete hlasovat v Kosmas cenÄ› ÄtenÃ¡Å™Å¯. Anketa k vyplnÄ›nÃ­ zde do 31/3: 
0;-;713005372412444673;cs;Thu Mar 24 15:11:42 CET 2016;DneÅ¡ek je produktivnÃ­ den.ğŸ˜‚ğŸ˜
0;-;713005340426641408;cs;Thu Mar 24 15:11:34 CET 2016;NamoÄil svÃ© dÄ›ti do nebezpeÄnÃ½ch machinacÃ­ s dotacemi a nakonec jim tu farmu zase vzal. @Nemcova_Mirka @ODScz 
0;-;713005401978114049;cs;Thu Mar 24 15:11:49 CET 2016;Jsem z tÃ© Apaluchy cela vedle,protoÅ¾e je to tady celÃ© VELKÃ party
0;-;713005453870043136;cs;Thu Mar 24 15:12:01 CET 2016;RT @chuckynoris14: *v telce* "PenÃ­ze jsou ti k niÄemu, kdyÅ¾ se o nÄ› nemÃ¡Å¡ s kÃ½m podÄ›lit" JÃ¡: 
0;-;713005483284643840;cs;Thu Mar 24 15:12:08 CET 2016;RT @martymaarti: "MÃ¡m skrytÃ½ talent, tak moc skrytÃ½, Å¾e ho nemÅ¯Å¾u najÃ­t" :D
0;-;713005064336629760;cs;Thu Mar 24 15:10:28 CET 2016;ProÄ se suÅ¡enkÃ¡m Å™Ã­kÃ¡ "nÄ›co dobrÃ½ho", kdyÅ¾ ti vlastnÄ› nic dobrÃ½ho nepÅ™inesou? :D
1;ku;713005357291999232;cs;Thu Mar 24 15:11:38 CET 2016;Souboj akÄnÃ­ch hrdinÅ¯ pÅ™ichÃ¡zÃ­ do kin. VyrazÃ­te o VelikonocÃ­ch na film? A jste spÃ­Å¡ tÃ½m #Batman nebo tÃ½m #Superman? 
1;po;713005726583693313;cs;Thu Mar 24 15:13:06 CET 2016;Na HradÄ› je vÃ½stavka artefaktÅ¯ pro stÃ¡tnÃ­ nÃ¡vÅ¡tÄ›vu delegace z ÄŒLR. NejhezÄÃ­ artefakty jsou ale stejnÄ› ti dva. 
1;ku;713005801103892480;cs;Thu Mar 24 15:13:24 CET 2016;Kousek od barÃ¡ku tu je pouÅ¥ a hraje z nÃ­ straÅ¡nÄ› nahlas Whitney Houston
0;-;713005803649835008;cs;Thu Mar 24 15:13:25 CET 2016;NejoÅ¡klivÄ›jÅ¡Ã­ architektura? NeurÃ¡Å¾Ã­ mÄ› to, Å™Ã­kÃ¡ autor budovy Transgasu a Å½iÅ¾kovskÃ© vÄ›Å¾e 
0;-;713005805436551169;cs;Thu Mar 24 15:13:25 CET 2016;Å okujÃ­cÃ­ zjiÅ¡tÄ›nÃ­: ProÄ majÃ­ lesbiÄky poÅ™Ã¡d sex s muÅ¾i? 
0;-;713005807022051328;cs;Thu Mar 24 15:13:26 CET 2016;PoÅ¾Ã¡dejte o pomoc, vzkazuje Panettiere Å¾enÃ¡m s poporodnÃ­ depresÃ­ 
1;sp;713005808573919234;cs;Thu Mar 24 15:13:26 CET 2016;KouÄ ZlÃ­na po vyÅ™azenÃ­ chvÃ¡lil: Sezona dopadla dobÅ™e 
1;ku;713005810478092288;cs;Thu Mar 24 15:13:26 CET 2016;Ahoj pando, tady Krtek. NovÃ© dÃ­ly animovanÃ©ho KrteÄka se zaÄnou vysÃ­lat v ÄŒÃ­nÄ› i ÄŒesku 
1;ku;713005811883180033;cs;Thu Mar 24 15:13:27 CET 2016;Praha je Å¡estou nejlepÅ¡Ã­ destinacÃ­ svÄ›ta 
1;pr;713005813632266240;cs;Thu Mar 24 15:13:27 CET 2016;MÃ¡me indicie na moÅ¾nÃ© tunelovÃ¡nÃ­ OKD, tvrdÃ­ hornÃ­ci 
1;po;713005815444152320;cs;Thu Mar 24 15:13:28 CET 2016;Rozum zvÃ­tÄ›zil, nevymÄ›nili jsme vlajku za plÃ¡Å¾ovÃ½ ruÄnÃ­k, raduje se NovÃ½ ZÃ©land 
0;-;713005818678013953;cs;Thu Mar 24 15:13:28 CET 2016;FenomÃ©n Cruyff. LÃ©tajÃ­cÃ­ HolanÄan, kterÃ½ miloval fotbal 
1;kr;713005820468981760;cs;Thu Mar 24 15:13:29 CET 2016;BestiÃ¡lnÃ­ manÅ¾elka: ManÅ¾el se chtÄ›l rozvÃ©st, tak ho stÃ¡hla z kÅ¯Å¾e a uvaÅ™ila dÄ›tem k veÄeÅ™i 
0;-;713005889544802304;cs;Thu Mar 24 15:13:45 CET 2016;"Co Ti mÃ¡m namazat na housku?" " ... Å¡lehaÄku ... " #SandÅ™iÄka
0;-;713005938538582016;cs;Thu Mar 24 15:13:57 CET 2016;@Posledniskaut ano, jejich hodnota je nevyÄÃ­slitelnÃ¡.
0;-;713005993207193600;cs;Thu Mar 24 15:14:10 CET 2016;@veselovskyma @TereSlad ukolem klauna neni jen bavit. Ma lidem nastavovat zrcadlo
1;kr;713006073926586368;cs;Thu Mar 24 15:14:29 CET 2016;KaradÅ¾iÄ byl uznÃ¡n vinen z oblÃ©hÃ¡nÃ­ Sarajeva. Bez KaradÅ¾iÄe by Sarajevo nebylo oblÃ©hÃ¡no. 
1;ji;713006107174764544;cs;Thu Mar 24 15:14:37 CET 2016;RT @SlavekSobotka: MilÃ© setkÃ¡nÃ­ s ÄeskÃ½mi studenty v PaÅ™Ã­Å¾i, je hezkÃ© vidÄ›t energii a ochotu poznÃ¡vat svÄ›t... 
0;-;713006208333062144;cs;Thu Mar 24 15:15:01 CET 2016;SeriÃ¡l pÅ™ed semifinÃ¡le: TÃ½movÃ¡ NEJ @BohemkaFlorbal pohledem AdÃ©ly BoÄanovÃ©. #floorball #extraliga 
0;-;713006219305287680;cs;Thu Mar 24 15:15:04 CET 2016;@VlastikSchrott Nee, ale tohle je urÄitÄ› vÅ¡ude stejnÃ©,  napÅ™Ã­Ä republikou  ğŸ˜
0;-;713005870817349635;cs;Thu Mar 24 15:13:41 CET 2016;PapeÅ¾ se dnes Å™Ã­dÃ­ pravidlem JÃ¡ry Cimrmana: Do hospody s umytÃ½ma nohama! #Velikonoce
0;-;713006257339305984;cs;Thu Mar 24 15:15:13 CET 2016;PsÅ¯m je vstup na pÅ™ednÃ¡Å¡ku zakÃ¡zÃ¡n! :) @CZUvPraze @pefczucz #ÄŒZU #Praha #VÅ  #univerzita 
1;pr;713005729565769729;cs;Thu Mar 24 15:13:07 CET 2016;RT @tomashala: HSTS pomÃ¡hÃ¡ opustit neÅ¡ifrovanÃ½ HTTP protokol. A vÃ­te, Å¾e obdobnÄ› se nynÃ­ chystÃ¡ SMTP Strict Transport Security: 
0;-;713005820221456384;cs;Thu Mar 24 15:13:29 CET 2016;TÃ½m #Logicworks (vÄetnÄ› zelenÃ©ho pantera) vÃ¡m pÅ™eje VeselÃ© #Velikonoce & pÅ™Ã­jemnÄ› strÃ¡venÃ© dny volna! #zelenypanter 
0;-;713005911200120833;cs;Thu Mar 24 15:13:50 CET 2016;Pochyboval-li snad nÄ›kdo o tom,Å¾e @tomas_braverman je herecka STÃR,nechÅ¥ zÅ™Ã­ toto Abychom o nÄ›j v Heurece neprisli:)
1;ku;713006025117343744;cs;Thu Mar 24 15:14:18 CET 2016;PÅ™edstavujeme kulturnÃ­ program LÃ©ÄebnÃ½ch lÃ¡znÃ­ JÃ¡chymov na  duben 2016. 
1;ku;713006128599330817;cs;Thu Mar 24 15:14:42 CET 2016;koncerty v SF mini konÄej. konÄÃ­ nejlepÅ¡Ã­ diy koncertnÃ­ mÃ­sto za dlouhou dobu. #smutek 
0;-;713005725535117313;cs;Thu Mar 24 15:13:06 CET 2016;Kdybych mÄ›l rockovou kapelu, tak jÃ­ dÃ¡m nÃ¡zev Cost Cutting. To bych mÄ›l sponzorÅ¯ â€¦
0;-;713005922675728384;cs;Thu Mar 24 15:13:53 CET 2016;Zase trÃ¡vÃ­m polovinu dne ve vlaku:(((( #HatujuÄŒD
0;-;713006359562817537;cs;Thu Mar 24 15:15:37 CET 2016;(ÄistÃ¡ krÃ¡sa)
1;ji;713006392576184320;cs;Thu Mar 24 15:15:45 CET 2016;Dnes expiruje screwdriver.cz (GPR:0, SR:0), zatÃ­m nebyla prodlouÅ¾ena. VÃ­ce na 
1;pr;713006470049112064;cs;Thu Mar 24 15:16:04 CET 2016;Samsung Galaxy S7 Active pÅ™istiÅ¾en: ChystÃ¡ se dalÅ¡Ã­ vlajkovÃ½ obrnÄ›nec? 
0;-;713006483848445952;cs;Thu Mar 24 15:16:07 CET 2016;@Posledniskaut VidÄ›l jsi ty fotky HusÃ¡ka? Tohle je neÅ¡tÄ›stÃ­. Ta sebranka Å™Ã¡dÃ­ na HradÄ› jako KrvavÃ­ drancÃ­Å™i na HarenovÄ› (#GameOfThrones).
1;pr;713006512965181440;cs;Thu Mar 24 15:16:14 CET 2016;MojeID mÃ¡ vylepÅ¡enÃ© dvoufÃ¡zovÃ© ovÄ›Å™enÃ­, uÅ¾ nemusÃ­te opisovat kÃ³d z mobilu: DvoufÃ¡zovÃ© ovÄ›Å™enÃ­, neboli dvoufaktorovÃ¡ autentizace jeâ€¦
0;-;713006630040969216;cs;Thu Mar 24 15:16:42 CET 2016;@aveius @kalousekm Jiste. Ale je stejne nepochopitelne, ze si stat nedokaze ty papiry vzit na jednom miste...
0;-;713006666854301696;cs;Thu Mar 24 15:16:51 CET 2016;@EvaRomancov ZoufalstvÃ­ a smutek se postupnÄ› zmÄ›nÃ­ v nadÄ›ji.  To mÅ¯Å¾u slyÅ¡et kaÅ¾dÃ½ rok.
1;sp;713006674420887556;cs;Thu Mar 24 15:16:52 CET 2016;ZemÅ™el Johan Cruyff. ÄŒest jeho pamÃ¡tce.
0;-;713006765177245696;cs;Thu Mar 24 15:17:14 CET 2016;Korg Electribe EM-1 - starÃ¡ lÃ¡ska nerezavÃ­ 
0;-;713006783032336385;cs;Thu Mar 24 15:17:18 CET 2016;@Romankaprvni plus dalÅ¡Ã­ 3h :-D
0;-;713006812010848256;cs;Thu Mar 24 15:17:25 CET 2016;@pavelkout Je pÅ™esnÄ› vidÄ›t ÄÃ­m a kÃ½m se inspirujÃ­ a na koho navazujÃ­...
0;-;713006863391055872;cs;Thu Mar 24 15:17:37 CET 2016;@stjan @LudanekvTatrach Ono vlastnÄ› pÅ™evychovat je zotroÄit, Å¾e? TakÅ¾e ani tudy cesta nevede. Tak nevÃ­m. Babo raÄ.
0;-;713006868583620608;cs;Thu Mar 24 15:17:39 CET 2016;Haha jednou to muselo pÅ™ijÃ­t
0;-;713006944676683776;cs;Thu Mar 24 15:17:57 CET 2016;@IlonaJaniov Jo, prachy nesmrdÄ›j :-D @mirekgajak
0;-;713006378730852352;cs;Thu Mar 24 15:15:42 CET 2016;KdyÅ¾ mÃ¡m koneÄnÄ› Äas jÃ¡, tak zas nemajÃ­ Äas ostatnÃ­.
0;-;713006960241729536;cs;Thu Mar 24 15:18:01 CET 2016;Lidi nestojÃ­ za to..... at uÅ¡ dajÃ­ slib nebo ne musÃ­te drÅ¾et spolu!! musÃ­te mÃ­t kamarÃ¡dy kteÅ™Ã­ se budou smÃ¡t vaÅ¡i vtÃ­pkÅ¯m.... nezradÃ­ , :(
1;sp;713006858181718022;cs;Thu Mar 24 15:17:36 CET 2016;RT @FilipHorky: SkyNews: ZemÅ™el Johan Cruyff.
0;-;713006937189822466;cs;Thu Mar 24 15:17:55 CET 2016;RT @JakubSzanto: Sakra, tesil jsem se na novou kiwi vlajku.  
0;-;713006499119964160;cs;Thu Mar 24 15:16:11 CET 2016;13. komnata AB: Tito prÃ¡vnÃ­ci pomohli BabiÅ¡ovi k penÄ›zÅ¯m a moci - Echo24.cz via @echo24cz
0;-;713006556795838464;cs;Thu Mar 24 15:16:24 CET 2016;DÃ¡ se firma s 300 tisÃ­ci zamÄ›stnanci Å™Ã­dit jako startup? 
0;-;713007104437694465;cs;Thu Mar 24 15:18:35 CET 2016;UÅ¾ jste vyplnili nÃ¡Å¡ dotaznÃ­k? Ne? Zabere vÃ¡m to jen 5 minut a hodnÄ› nÃ¡m tÃ­m pomÅ¯Å¾ete. DÄ›kujeme moc! 
0;-;713007237485223938;cs;Thu Mar 24 15:19:07 CET 2016;@Posledniskaut Oni ztratili veÅ¡kerou soudnost, totÃ¡lnÄ› se urvali ze Å™etÄ›zÅ¯. Je mi za nÄ› neuvÄ›Å™itelnÃ¡ hanba.
0;-;713007264127393792;cs;Thu Mar 24 15:19:13 CET 2016;Nechci sahat kolegÅ¯m ze SprÃ¡vy tratÃ­ do svÄ›domÃ­, ale ty odvodÅˆovacÃ­ Å¾laby by to chtÄ›lo obÄas vyÄistit. #vlakem #stojatevody #szdc
1;kr;713007285765734400;cs;Thu Mar 24 15:19:18 CET 2016;â€šO genocidÄ› nemÃ¡me dÅ¯kazy.â€˜ V Haagu se rozhoduje o osudu Radovana KaradÅ¾iÄ‡e: V patrnÄ› nejvÄ›tÅ¡Ã­m procesu v EvropÄ› odâ€¦ #ZprÃ¡vy_SvÄ›t
1;sp;713007290509426688;cs;Thu Mar 24 15:19:19 CET 2016;V Togliatti budou jeÅ¡tÄ› tak mÄ›sÃ­c zavÅ™enÃ­, tvrdÃ­ ZaÅ¥oviÄ. O MS se popere rÃ¡d: "Neberu to tak, Å¾e jsem tady v reprezentaciâ€¦ #MS_v_hokeji
1;kr;713007294896680960;cs;Thu Mar 24 15:19:20 CET 2016;ObvinÄ›nÃ½ soudce nepustil milionÃ¡Å™e z vÄ›zenÃ­, za 34 dnÃ­ otoÄil. Dostal 26 pochval, zdÅ¯vodnil: Podnikatele TomÃ¡Å¡e Malinuâ€¦ #ÃšsteckÃ½_kraj
1;ji;713007300672249856;cs;Thu Mar 24 15:19:22 CET 2016;ValachovÃ¡: Å kolskÃ½ ombudsman se letos zamÄ›Å™Ã­ vÃ½hradnÄ› na Å¡ikanu: Praha â€“ Å kolskÃ½ ombudsman Eduard Zeman se letos zamÄ›Å™Ã­ vÃ½hradnÄ›â€¦ #ZprÃ¡vy
1;kr;713007304673628160;cs;Thu Mar 24 15:19:23 CET 2016;KaradÅ¾iÄ‡ nenÃ­ vinen v jednÃ© ze dvou obÅ¾alob z genocidy: Haag â€“ MezinÃ¡rodnÃ­ trestnÃ­ soud pro bÃ½valou JugoslÃ¡vii (ICTY) kvÅ¯liâ€¦ #ZprÃ¡vy
0;-;713007307114741762;cs;Thu Mar 24 15:19:23 CET 2016;I kdyby BabiÅ¡ nÄ›koho zapÃ­chl, fanouÅ¡ci mu to prominou, Å™Ã­kÃ¡ LaudÃ¡t z TOPky: ROZHOVOR â€Je to Ãºpadek politickÃ© kultury, BabiÅ¡ by mÄ›lâ€¦
1;po;713007309543202816;cs;Thu Mar 24 15:19:24 CET 2016;Zwyrtek (NezÃ¡vislÃ­): ZemÄ› pÅ™Ã­kazÅ¯, zÃ¡kazÅ¯ a pÃ©Äe aÅ¾ za hrob...: DÄ›ti povinnÄ› do Å¡kolky. ZÃ¡kaz kouÅ™enÃ­ vÅ¡ude. V nedÄ›li zavÅ™enÃ© markety.â€¦
1;po;713007311837536257;cs;Thu Mar 24 15:19:24 CET 2016;SP ÄŒR: Novela trestnÃ­ho Å™Ã¡du a zavedenÃ­ trestnosti pÅ™Ã­pravy krÃ¡cenÃ­ danÃ­ jsou nebezpeÄnÃ©: Svaz prÅ¯myslu a dopravy ÄŒR (SP ÄŒR) upozorÅˆuje naâ€¦